{
    "counter": {
        "ACTIVE": 311,
        "INACTIVE": 11,
        "INVALID": 0,
        "MALICIOUS": 0,
        "SANE": 0,
        "VALID": 0,
        "total": 322
    },
    "percentage": {
        "ACTIVE": 96.58385093167702,
        "INACTIVE": 7.586206896551724,
        "INVALID": 0,
        "MALICIOUS": 0,
        "SANE": 0,
        "VALID": 0,
        "total": 104.17005782822875
    }
}