{
    "counter": {
        "ACTIVE": 646,
        "INACTIVE": 160,
        "INVALID": 0,
        "MALICIOUS": 0,
        "SANE": 0,
        "VALID": 0,
        "total": 806
    },
    "percentage": {
        "ACTIVE": 80.34825870646766,
        "INACTIVE": 19.851116625310173,
        "INVALID": 0,
        "MALICIOUS": 0,
        "SANE": 0,
        "VALID": 0,
        "total": 100.19937533177783
    }
}