{
    "counter": {
        "ACTIVE": 819,
        "INACTIVE": 1,
        "INVALID": 0,
        "MALICIOUS": 0,
        "SANE": 0,
        "VALID": 0,
        "total": 820
    },
    "percentage": {
        "ACTIVE": 99.8780487804878,
        "INACTIVE": 0.13966480446927373,
        "INVALID": 0,
        "MALICIOUS": 0,
        "SANE": 0,
        "VALID": 0,
        "total": 100.01771358495708
    }
}