{
    "counter": {
        "ACTIVE": 331,
        "INACTIVE": 1,
        "INVALID": 0,
        "MALICIOUS": 0,
        "SANE": 0,
        "VALID": 0,
        "total": 332
    },
    "percentage": {
        "ACTIVE": 99.6987951807229,
        "INACTIVE": 0.3021148036253776,
        "INVALID": 0,
        "MALICIOUS": 0,
        "SANE": 0,
        "VALID": 0,
        "total": 100.00090998434827
    }
}