{
    "counter": {
        "ACTIVE": 607,
        "INACTIVE": 68,
        "INVALID": 0,
        "MALICIOUS": 0,
        "SANE": 0,
        "VALID": 0,
        "total": 675
    },
    "percentage": {
        "ACTIVE": 90.0593471810089,
        "INACTIVE": 10.074074074074074,
        "INVALID": 0,
        "MALICIOUS": 0,
        "SANE": 0,
        "VALID": 0,
        "total": 100.13342125508298
    }
}