{
    "counter": {
        "ACTIVE": 606,
        "INACTIVE": 12,
        "INVALID": 0,
        "MALICIOUS": 0,
        "SANE": 0,
        "VALID": 0,
        "total": 618
    },
    "percentage": {
        "ACTIVE": 98.05825242718447,
        "INACTIVE": 1.9639934533551555,
        "INVALID": 0,
        "MALICIOUS": 0,
        "SANE": 0,
        "VALID": 0,
        "total": 100.02224588053963
    }
}