{
    "counter": {
        "ACTIVE": 343,
        "INACTIVE": 1,
        "INVALID": 0,
        "MALICIOUS": 0,
        "SANE": 0,
        "VALID": 0,
        "total": 344
    },
    "percentage": {
        "ACTIVE": 99.70930232558139,
        "INACTIVE": 0.6756756756756757,
        "INVALID": 0,
        "MALICIOUS": 0,
        "SANE": 0,
        "VALID": 0,
        "total": 100.38497800125707
    }
}