{
    "counter": {
        "ACTIVE": 658,
        "INACTIVE": 165,
        "INVALID": 0,
        "MALICIOUS": 0,
        "SANE": 0,
        "VALID": 0,
        "total": 823
    },
    "percentage": {
        "ACTIVE": 79.95139732685298,
        "INACTIVE": 20.072992700729927,
        "INVALID": 0,
        "MALICIOUS": 0,
        "SANE": 0,
        "VALID": 0,
        "total": 100.02439002758291
    }
}