{
    "counter": {
        "CSC Corporate Domains, Inc.": 2,
        "Cloudflare, Inc.": 2,
        "Communigal Communications Ltd": 2,
        "Dynadot Inc": 10,
        "Gandi SAS": 4,
        "Gname.com Pte. Ltd.": 2,
        "GoDaddy": 2,
        "GoDaddy.com, LLC": 2,
        "Imminentdomains.net LLC": 2,
        "Internet Domain Service BS Corp": 6,
        "Key-Systems GmbH": 6,
        "MarkMonitor Inc.": 4,
        "NICENIC INTERNATIONAL GROUP CO., LIMITED": 2,
        "NameCheap, Inc.": 10,
        "Namecheap": 2,
        "Registrar of Domain Names REG.RU LLC": 2,
        "Sav.com, LLC": 2,
        "TLD Registrar Solutions Ltd": 2,
        "TLD Registrar Solutions Ltd.": 2,
        "URL Solutions Inc.": 2,
        "total": 72,
        "阿里云计算有限公司（万网）": 4
    },
    "percentage": {
        "CSC Corporate Domains, Inc.": 2.7777777777777777,
        "Cloudflare, Inc.": 2.7777777777777777,
        "Communigal Communications Ltd": 2.7777777777777777,
        "Dynadot Inc": 13.88888888888889,
        "Gandi SAS": 5.555555555555555,
        "Gname.com Pte. Ltd.": 2.7777777777777777,
        "GoDaddy": 2.7777777777777777,
        "GoDaddy.com, LLC": 2.7777777777777777,
        "Imminentdomains.net LLC": 2.7777777777777777,
        "Internet Domain Service BS Corp": 8.333333333333334,
        "Key-Systems GmbH": 8.333333333333334,
        "MarkMonitor Inc.": 5.555555555555555,
        "NICENIC INTERNATIONAL GROUP CO., LIMITED": 2.7777777777777777,
        "NameCheap, Inc.": 13.88888888888889,
        "Namecheap": 2.7777777777777777,
        "Registrar of Domain Names REG.RU LLC": 2.7777777777777777,
        "Sav.com, LLC": 2.7777777777777777,
        "TLD Registrar Solutions Ltd": 2.7777777777777777,
        "TLD Registrar Solutions Ltd.": 2.7777777777777777,
        "URL Solutions Inc.": 2.7777777777777777,
        "total": 99.99999999999997,
        "阿里云计算有限公司（万网）": 5.555555555555555
    }
}