{
    "counter": {
        "NameCheap, Inc.": 1,
        "Namecheap": 1,
        "Oman Data Park LLC (ODP)": 1,
        "total": 3
    },
    "percentage": {
        "NameCheap, Inc.": 33.333333333333336,
        "Namecheap": 33.333333333333336,
        "Oman Data Park LLC (ODP)": 33.333333333333336,
        "total": 100.0
    }
}